label,mean_dice,mean_hausdorff_distance,mean_jaccard,stdev_dice,stdev_hausdorff_distance,stdev_jaccard
1,0.9452248358643259,35.87457273230864,0.8963001130472097,0.009773065142390487,16.895076285796065,0.017422372831257176
