subject_id,label,dice,hausdorff_distance,jaccard
IXI014-HH-1236,1,0.9531637616544812,18.33030277982336,0.9105185001628497
IXI020-Guys-0700,1,0.9253945410039731,50.39841267341661,0.8611481853707896
IXI034-HH-1260,1,0.9568664197018854,15.588457268119896,0.9172999870528804
IXI048-HH-1326,1,0.9470980220845759,47.44470465710583,0.89951205520544
IXI079-HH-1388,1,0.9487093554061105,15.556349186104045,0.9024234737412641
IXI636-HH-2733,1,0.9475749491933186,49.9799959983992,0.9003728564490218
IXI651-Guys-1118,1,0.9377668020059367,53.823786563191554,0.8828257333482226
