Wall time,Step,Value
1566318777.237824,10,0.7947681546211243
1566318878.3654032,20,0.7917383313179016
1566318980.0938773,30,0.8060706257820129
1566319081.202937,40,0.7977769374847412
1566319183.8683417,50,0.7912113666534424
1566319284.8242939,60,0.7939720153808594
1566319384.8817298,70,0.8098544478416443
1566319485.1966865,80,0.787672221660614
1566319585.0103235,90,0.8038598895072937
1566319707.3900325,100,0.7756698727607727
1566319807.9117045,110,0.787249743938446
1566319906.8162086,120,0.7832297682762146
1566320006.742063,130,0.8026649355888367
1566320106.8736448,140,0.807251513004303
1566320206.8979542,150,0.7978461384773254
1566320307.52606,160,0.788619339466095
1566320405.3738244,170,0.8065517544746399
1566320505.2880893,180,0.821566104888916
1566320600.8775833,190,0.7968127131462097
1566320719.626315,200,0.8133187890052795
1566320823.2522504,210,0.8151588439941406
1566320923.8378267,220,0.7927629351615906
1566321023.8923721,230,0.8109407424926758
1566321123.2770975,240,0.8128299713134766
1566321222.5159497,250,0.786717414855957
1566321321.087048,260,0.7967116236686707
1566321422.5711699,270,0.8045228123664856
1566321523.5088933,280,0.7862801551818848
1566321623.0003312,290,0.7894023060798645
1566321740.6985834,300,0.8099174499511719
1566321841.98828,310,0.7865848541259766
1566321940.0611665,320,0.8028585314750671
1566322041.7809865,330,0.7995063662528992
1566322142.6532736,340,0.8141148090362549
1566322241.932279,350,0.8147704005241394
1566322341.61798,360,0.7911520004272461
1566322440.697275,370,0.8111395835876465
1566322541.4953284,380,0.8191559910774231
1566322636.9391909,390,0.8056361675262451
1566322755.3549776,400,0.7962896227836609
1566322857.9640248,410,0.8031463027000427
1566322958.675895,420,0.7797172665596008
1566323059.1993814,430,0.7967283129692078
1566323158.7807603,440,0.8047661185264587
1566323258.3066366,450,0.8010202050209045
1566323355.4251773,460,0.8023214936256409
1566323457.0056503,470,0.7784512639045715
1566323558.25883,480,0.8139715790748596
1566323656.360671,490,0.7995915412902832
1566323773.7207646,500,0.8011379241943359
